/*
SQLyog Enterprise - MySQL GUI v8.14 
MySQL - 5.7.6-m16-log : Database - admin_fast2find_db
*********************************************************************
*/


/*!40101 SET NAMES utf8 */;

/*!40101 SET SQL_MODE=''*/;

/*!40014 SET @OLD_UNIQUE_CHECKS=@@UNIQUE_CHECKS, UNIQUE_CHECKS=0 */;
/*!40014 SET @OLD_FOREIGN_KEY_CHECKS=@@FOREIGN_KEY_CHECKS, FOREIGN_KEY_CHECKS=0 */;
/*!40101 SET @OLD_SQL_MODE=@@SQL_MODE, SQL_MODE='NO_AUTO_VALUE_ON_ZERO' */;
/*!40111 SET @OLD_SQL_NOTES=@@SQL_NOTES, SQL_NOTES=0 */;
CREATE DATABASE /*!32312 IF NOT EXISTS*/`admin_fast2find_db` /*!40100 DEFAULT CHARACTER SET utf8 */;

USE `admin_fast2find_db`;

/*Table structure for table `audit` */

DROP TABLE IF EXISTS `audit`;

CREATE TABLE `audit` (
  `AUDIT_ID` int(11) NOT NULL AUTO_INCREMENT,
  `IS_DELETED` int(11) DEFAULT NULL,
  `NO_OF_FEMALE_IN` int(255) DEFAULT '0',
  `NO_OF_MALE_IN` int(255) DEFAULT '0',
  `NO_OF_FEMALE_OUT` int(255) DEFAULT '0',
  `NO_OF_MALE_OUT` int(255) DEFAULT '0',
  `TIME_STAMP` datetime DEFAULT NULL,
  `BRANCH_ID` int(11) DEFAULT NULL,
  PRIMARY KEY (`AUDIT_ID`),
  KEY `FK58D9BDBC089DEA2` (`BRANCH_ID`),
  CONSTRAINT `FK58D9BDBC089DEA2` FOREIGN KEY (`BRANCH_ID`) REFERENCES `branch` (`BRANCH_ID`)
) ENGINE=InnoDB AUTO_INCREMENT=385 DEFAULT CHARSET=utf8;

/*Data for the table `audit` */

insert  into `audit`(`AUDIT_ID`,`IS_DELETED`,`NO_OF_FEMALE_IN`,`NO_OF_MALE_IN`,`NO_OF_FEMALE_OUT`,`NO_OF_MALE_OUT`,`TIME_STAMP`,`BRANCH_ID`) values (1,1,0,1,0,0,'2014-05-01 12:15:01',13),(2,1,0,1,0,0,'2014-05-02 02:15:02',13),(16,1,0,1,0,0,'2014-05-02 03:16:35',13),(17,1,0,1,0,0,'2014-05-02 12:16:38',13),(19,1,1,0,0,0,'2014-05-03 12:16:45',13),(22,1,1,0,0,1,'2014-05-04 02:15:10',13),(24,1,1,0,0,0,'2014-05-04 02:25:35',13),(27,1,0,1,0,0,'2014-05-05 02:35:35',13),(49,1,0,1,0,0,'2014-05-05 02:40:35',13),(50,1,0,1,0,0,'2014-05-06 02:45:35',13),(51,1,0,1,0,0,'2014-05-06 02:55:35',13),(52,1,1,0,0,0,'2014-05-07 02:59:35',13),(53,1,1,0,0,0,'2014-05-08 03:15:35',13),(54,1,1,0,0,0,'2014-05-09 04:15:35',13),(55,1,0,0,0,0,'2014-05-10 05:15:35',13),(56,1,1,0,0,0,'2014-05-11 05:20:35',13),(57,1,1,0,1,0,'2014-05-11 06:15:35',13),(58,1,1,0,0,0,'2014-05-12 07:15:35',13),(59,1,1,0,1,0,'2014-05-12 08:15:35',13),(60,1,1,0,0,0,'2014-05-13 09:15:35',13),(61,1,0,0,0,0,'2014-05-14 10:15:35',13),(62,1,1,0,1,0,'2014-05-15 12:15:35',13),(63,1,0,1,0,0,'2014-05-16 12:15:35',13),(64,1,0,1,1,1,'2014-05-16 12:15:35',13),(65,1,0,1,1,0,'2014-05-17 12:15:35',13),(66,1,1,0,0,0,'2014-05-17 12:15:35',13),(67,1,1,0,0,0,'2014-05-18 12:15:35',13),(68,1,1,0,1,0,'2014-05-18 12:15:35',13),(69,1,0,1,0,1,'2014-05-19 12:15:35',13),(70,1,1,0,1,0,'2014-05-19 12:15:35',13),(71,1,1,0,1,0,'2014-05-20 12:15:35',13),(72,1,1,0,1,0,'2014-05-21 12:15:35',13),(73,1,1,0,1,1,'2014-05-22 12:15:35',13),(74,1,1,451,1,1,'2014-05-23 12:15:35',13),(75,1,1,500,1,1,'2014-05-23 12:15:35',13),(76,1,1,322,1,1,'2014-05-24 12:15:35',13),(77,1,1,444,1,1,'2014-05-24 12:15:35',13),(78,1,1,145,1,1,'2014-05-25 12:15:35',13),(79,1,2,655,1,1,'2014-05-26 12:15:35',13),(80,1,2,633,1,1,'2014-05-27 12:15:35',13),(81,1,2,300,1,11,'2014-05-28 12:15:35',13),(82,1,2,320,1,1,'2014-05-02 12:15:35',13),(83,1,2,122,1,1,'2014-05-02 12:15:35',13),(84,1,2,230,1,1,'2014-04-01 12:15:35',13),(85,1,2,589,1,1,'2014-04-02 12:15:35',13),(86,1,2,120,1,1,'2014-04-02 12:15:35',13),(87,1,26,10,1,1,'2014-04-03 12:15:35',13),(88,1,6,16,1,1,'2014-04-04 12:15:35',13),(89,1,6,13,1,1,'2014-04-04 12:15:35',13),(90,1,6,12,11,1,'2014-04-05 12:15:35',13),(91,1,6,12,1,1,'2014-04-05 20:10:33',13),(92,1,5,12,1,1,'2014-04-06 20:10:33',13),(93,1,5,13,1,1,'2014-04-06 20:10:33',13),(94,1,10,16,1,1,'2014-04-07 20:10:33',13),(95,1,12,14,1,1,'2014-04-07 20:10:33',13),(96,1,23,15,11,11,'2014-04-08 20:10:33',13),(97,1,4,13,1,1,'2014-04-09 20:10:33',13),(98,1,8,14,1,1,'2014-04-10 20:10:33',13),(99,1,8,13,1,1,'2014-04-11 20:10:33',13),(100,1,4,13,11,1,'2014-04-12 20:10:33',13),(101,1,7,15,1,1,'2014-04-13 20:10:33',13),(102,1,7,16,1,11,'2014-04-14 20:10:33',13),(103,1,4,17,1,1,'2014-04-15 20:10:33',13),(104,1,1,17,1,1,'2014-04-16 20:10:33',13),(105,1,4,5,1,1,'2014-04-17 20:10:33',13),(106,1,4,6,1,1,'2014-04-18 20:10:33',13),(107,1,3,5,11,11,'2014-04-19 20:10:33',13),(108,1,3,4,1,1,'2014-04-20 20:10:33',13),(109,1,2,5,1,1,'2014-04-21 20:10:33',13),(110,1,5,5,1,1,'2014-04-22 20:10:33',13),(111,1,10,6,1,11,'2014-04-23 20:10:33',13),(112,1,12,6,11,1,'2014-04-24 20:10:33',13),(113,1,12,3,1,1,'2014-04-25 20:10:33',13),(114,1,12,1,1,1,'2014-04-26 20:10:33',13),(115,1,10,9,1,1,'2014-04-27 20:10:33',13),(116,1,3,9,1,1,'2014-04-28 20:10:33',13),(117,1,3,6,1,1,'2014-04-29 20:10:33',13),(118,1,4,3,11,1,'2014-04-30 20:10:33',13),(119,1,9,3,11,1,'2014-03-31 20:10:33',13),(120,1,9,2,11,1,'2014-03-12 20:10:33',13),(121,1,9,2,1,1,'2014-03-12 20:10:33',13),(122,1,5,2,1,1,'2014-03-13 20:10:33',13),(123,1,5,5,1,1,'2014-03-14 20:10:33',13),(124,1,20,5,11,1,'2014-03-15 20:10:33',13),(125,1,16,5,1,1,'2014-03-15 20:10:33',13),(126,1,14,9,1,1,'2014-03-16 20:10:33',13),(127,1,12,13,1,1,'2014-03-16 20:10:33',13),(128,1,23,10,1,1,'2014-03-17 20:10:33',13),(129,1,2,14,1,1,'2014-03-17 20:10:33',13),(130,1,3,19,1,1,'2014-03-18 20:10:33',13),(131,1,6,16,1,1,'2014-03-18 20:10:33',13),(132,1,6,14,11,1,'2014-03-19 20:10:33',13),(133,1,6,14,1,1,'2014-03-19 20:10:33',13),(134,1,6,10,1,1,'2014-03-20 20:10:33',13),(135,1,4,9,1,1,'2014-03-20 20:10:33',13),(136,1,14,9,11,1,'2014-03-21 20:10:33',13),(137,1,16,6,1,1,'2014-03-21 20:10:33',13),(138,1,16,3,1,1,'2014-03-22 20:10:33',13),(139,1,13,8,1,1,'2014-03-22 20:10:33',13),(140,1,13,10,11,1,'2014-03-23 20:10:33',13),(141,1,10,12,1,1,'2014-03-23 20:10:33',13),(142,1,10,12,1,1,'2014-03-24 20:10:33',13),(143,1,5,10,11,1,'2014-03-24 20:10:33',13),(144,1,7,13,1,1,'2014-03-25 20:10:33',13),(145,1,7,15,1,1,'2014-03-25 20:10:33',13),(146,1,9,14,1,1,'2014-03-25 20:10:33',13),(147,1,15,16,1,1,'2014-03-26 20:10:33',13),(148,1,14,13,11,1,'2014-03-26 20:10:33',13),(149,1,16,2,1,1,'2014-03-26 20:10:33',13),(150,1,13,6,1,1,'2014-03-27 20:10:33',13),(151,1,13,6,1,1,'2014-03-27 20:10:33',13),(152,1,14,5,1,1,'2014-03-27 20:10:33',13),(153,1,15,5,11,1,'2014-03-28 20:10:33',13),(154,1,1,4,1,1,'2014-03-28 20:10:33',13),(155,1,22,6,1,1,'2014-03-29 20:10:33',13),(156,1,19,4,1,1,'2014-03-29 20:10:33',13),(157,1,3,8,11,1,'2014-03-29 20:10:33',13),(158,1,3,6,1,1,'2014-03-30 20:10:33',13),(159,1,7,6,1,1,'2014-03-01 20:10:33',13),(160,1,7,5,11,1,'2014-03-02 20:10:33',13),(161,1,7,5,1,1,'2014-03-03 20:10:33',13),(162,1,8,5,1,1,'2014-03-04 20:10:33',13),(163,1,8,13,1,1,'2014-03-05 20:10:33',13),(164,1,6,10,11,1,'2014-03-06 20:10:33',13),(165,1,6,13,15,1,'2014-03-07 20:10:33',13),(166,1,6,15,13,1,'2014-03-08 20:10:33',13),(167,1,4,45,1,1,'2014-03-09 20:10:33',13),(168,1,24,54,0,1,'2014-03-10 20:10:33',13),(169,1,21,31,1,1,'2014-03-11 20:10:33',13),(170,1,22,32,4,11,'2013-09-05 20:10:33',13),(171,1,28,54,1,1,'2013-09-10 20:10:33',13),(172,1,47,75,14,1,'2013-10-03 20:10:33',13),(173,1,45,45,45,1,'2013-10-04 20:10:33',13),(174,1,21,45,54,1,'2013-11-21 20:10:33',13),(175,1,87,45,75,1,'2013-11-30 20:10:33',13),(176,1,56,68,4,1,'2013-12-21 20:10:33',13),(177,1,35,45,2,1,'2013-12-25 20:10:33',13),(178,1,23,78,21,1,'2014-01-21 20:10:33',13),(179,1,56,92,41,1,'2014-01-23 20:10:33',13),(180,1,65,72,21,1,'2014-01-23 20:10:33',13),(181,1,68,60,21,1,'2014-02-22 20:10:33',13),(182,1,63,10,12,1,'2014-02-23 20:10:33',13),(183,1,35,50,12,1,'2014-03-16 20:10:33',13),(184,1,85,30,12,1,'2014-03-15 20:10:33',13),(185,1,71,10,23,1,'2014-04-05 20:10:33',13),(186,1,76,14,12,1,'2014-04-18 20:10:33',13),(187,1,91,30,12,1,'2014-03-25 20:10:33',13),(188,1,32,10,12,1,'2014-03-15 20:10:33',13),(189,1,30,15,1,1,'2014-03-05 20:10:33',13),(190,1,15,21,1,1,'2013-07-29 20:10:33',13),(191,1,42,36,1,1,'2013-08-15 20:10:33',13),(192,1,72,20,1,1,'2013-10-26 20:10:33',13),(193,1,31,40,1,1,'2013-11-15 20:10:33',13),(194,1,40,55,1,1,'2013-10-30 20:10:33',13),(195,1,26,75,1,1,'2013-10-30 20:10:33',13),(196,1,35,52,0,1,'2013-08-24 12:15:35',13),(197,1,69,752,NULL,NULL,'2013-07-15 12:15:35',13),(198,1,53,369,NULL,NULL,'2013-06-24 12:15:35',13),(199,1,78,124,NULL,NULL,'2013-05-19 12:15:35',13),(200,1,72,369,NULL,NULL,'2014-02-01 12:15:35',13),(201,1,560,125,NULL,NULL,'2014-02-01 12:15:35',13),(202,1,420,258,NULL,NULL,'2014-02-02 12:15:35',13),(203,1,320,589,NULL,NULL,'2014-02-03 12:15:35',13),(204,1,123,214,NULL,NULL,'2014-02-04 12:15:35',13),(205,1,450,587,NULL,NULL,'2014-02-05 12:15:35',13),(206,1,125,358,NULL,NULL,'2014-02-06 12:15:35',13),(207,1,478,120,NULL,NULL,'2014-02-07 12:15:35',13),(208,1,558,852,NULL,NULL,'2014-02-08 12:15:35',13),(209,1,125,425,NULL,NULL,'2014-02-09 12:15:35',13),(210,1,455,458,NULL,NULL,'2014-02-10 12:15:35',13),(211,1,685,558,NULL,NULL,'2014-02-11 12:15:35',13),(212,1,159,255,NULL,NULL,'2014-02-11 12:15:35',13),(213,1,357,788,NULL,NULL,'2014-02-12 12:15:35',13),(214,1,145,745,NULL,NULL,'2014-02-13 12:15:35',13),(215,1,789,369,NULL,NULL,'2014-02-13 12:15:35',13),(216,1,410,214,NULL,NULL,'2014-02-14 12:15:35',13),(217,1,230,426,NULL,NULL,'2014-02-15 12:15:35',13),(218,1,247,358,NULL,NULL,'2014-02-16 12:15:35',13),(219,1,357,147,NULL,NULL,'2014-02-17 12:15:35',13),(220,1,158,421,NULL,NULL,'2014-02-18 12:15:35',13),(221,1,710,321,NULL,NULL,'2014-02-19 12:15:35',13),(222,1,120,654,NULL,NULL,'2014-02-20 12:15:35',13),(223,1,230,445,NULL,NULL,'2014-02-21 12:15:35',13),(224,1,356,440,NULL,NULL,'2014-02-22 12:15:35',13),(225,1,147,330,NULL,NULL,'2014-02-23 12:15:35',13),(226,1,741,412,NULL,NULL,'2014-02-24 12:15:35',13),(227,1,23,425,NULL,NULL,'2014-02-25 12:15:35',13),(228,1,256,369,NULL,NULL,'2014-02-26 12:15:35',13),(229,1,247,357,NULL,NULL,'2014-02-27 12:15:35',13),(230,1,85,159,NULL,NULL,'2014-02-28 12:15:35',13),(231,1,235,147,21,30,'2014-02-28 12:15:35',13),(232,1,582,80,14,12,'2013-09-05 20:10:33',13),(233,1,143,355,12,23,'2014-05-29 12:15:35',13),(234,1,230,266,13,14,'2014-05-30 12:15:35',13),(235,1,266,255,14,15,'2014-05-31 12:15:35',13),(236,1,325,231,16,42,'2014-06-01 12:15:35',13),(237,1,411,241,35,36,'2014-05-01 12:15:35',13),(238,1,220,452,24,35,'2014-05-15 12:15:35',13),(239,1,230,120,23,31,'2014-05-20 12:15:35',13),(240,1,254,125,22,26,'2014-05-24 12:15:35',13),(241,1,147,145,21,22,'2014-05-25 12:15:35',13),(242,1,451,654,23,21,'2014-05-26 12:15:35',13),(243,1,126,472,25,45,'2014-05-27 12:15:35',13),(244,1,230,452,23,45,'2014-05-28 12:15:35',13),(245,1,232,121,25,52,'2014-05-29 12:15:35',13),(246,1,241,125,14,26,'2014-05-30 12:15:35',13),(247,1,215,235,120,22,'2014-05-31 12:15:35',13),(248,11,214,245,226,11,'2014-04-28 12:15:35',13),(249,1,263,214,23,44,'2014-04-15 12:15:35',13),(250,1,21,1214,21,55,'2014-04-23 12:15:35',13),(251,1,22,112,23,45,'2014-03-16 12:15:35',13),(252,1,245,111,56,78,'2014-03-28 12:15:35',13),(253,1,326,632,63,89,'2014-03-02 12:15:35',13),(254,11,214,255,63,89,'2014-03-11 12:15:35',13),(255,1,256,214,25,65,'2014-03-18 12:15:35',13),(256,11,215,1214,47,41,'2014-02-01 12:15:35',13),(257,1,255,147,89,54,'2014-02-28 12:15:35',13),(258,11,245,126,55,62,'2014-02-16 12:15:35',13),(259,1,145,235,24,23,'2014-01-03 12:15:35',13),(260,1,142,214,12,12,'2014-01-14 12:15:35',13),(261,1,132,214,25,45,'2014-01-24 12:15:35',13),(262,1,256,266,22,16,'2013-12-23 12:15:35',13),(263,1,248,255,62,18,'2013-12-12 12:15:35',13),(264,11,258,354,64,85,'2013-11-26 12:15:35',13),(265,1,356,324,55,56,'2013-11-20 12:15:35',13),(266,1,325,325,11,56,'2013-11-09 12:15:35',13),(267,11,324,325,22,26,'2013-11-01 12:15:35',13),(268,1,326,325,22,24,'2013-10-31 12:15:35',13),(269,1,159,255,55,21,'2013-10-22 12:15:35',13),(270,1,152,214,44,25,'2013-10-13 12:15:35',13),(271,1,62,114,23,25,'2013-10-03 12:15:35',13),(272,1,211,369,130,25,'2013-09-29 12:15:35',13),(273,1,247,252,110,26,'2013-09-17 12:15:35',13),(274,1,154,144,12,62,'2013-09-05 12:15:35',13),(275,1,158,114,36,63,'2013-08-03 12:15:35',13),(276,1,154,1252,25,92,'2013-08-19 12:15:35',13),(277,1,153,156,124,84,'2013-08-30 12:15:35',13),(278,1,247,241,65,87,'2013-07-05 12:15:35',13),(279,1,245,256,54,48,'2013-07-28 12:15:35',13),(280,1,245,256,56,48,'2013-06-02 12:15:35',13),(281,1,265,324,26,44,'2013-06-30 12:15:35',13),(282,1,2532,124,63,44,'2013-06-24 12:15:35',13),(283,1,100,147,99,66,'2013-06-12 12:15:35',13),(284,1,233,152,98,22,'2014-06-01 12:15:35',13),(285,1,323,369,65,55,'2014-06-01 12:15:35',13),(286,1,232,365,2,88,'2014-06-01 12:15:35',13),(287,1,215,342,2,52,'2014-06-01 12:15:35',13),(288,1,215,12,2,33,'2014-06-01 12:15:35',13),(289,1,258,22,4,4,'2014-06-01 12:15:35',13),(290,1,215,22,4,4,'2014-06-01 12:15:35',13),(291,1,6,12,1,1,'2014-06-01 12:15:35',13),(292,1,6,6,1,1,'2014-06-02 12:15:35',13),(293,1,6,6,1,1,'2014-06-03 12:15:35',13),(294,1,6,6,1,1,'2014-06-04 12:15:35',13),(295,1,6,6,1,1,'2014-06-05 12:15:35',13),(296,NULL,8,8,1,1,'2014-06-06 12:15:35',13),(297,NULL,9,6,1,2,'2014-06-07 12:15:35',13),(298,NULL,10,6,1,6,'2014-06-08 12:15:35',13),(299,NULL,5,2,1,3,'2014-06-09 12:15:35',13),(300,NULL,8,3,1,4,'2014-06-10 12:15:35',13),(301,NULL,6,4,1,5,'2014-06-05 12:15:35',13),(302,NULL,3,7,1,5,'2014-06-01 12:15:35',13),(303,NULL,5,8,1,4,'2014-06-02 12:15:35',13),(304,NULL,4,5,1,2,'2014-06-02 12:15:35',13),(305,NULL,1,12,1,3,'2014-06-03 12:15:35',13),(306,NULL,4,21,1,5,'2014-06-04 12:15:35',13),(307,NULL,26,32,1,6,'2014-06-05 12:15:35',13),(308,NULL,25,14,1,8,'2014-06-05 12:15:35',13),(309,NULL,23,15,13,7,'2014-06-06 12:15:35',13),(310,NULL,60,41,15,7,'2014-06-07 12:15:35',13),(311,NULL,6,12,5,5,'2014-06-08 12:15:35',13),(312,NULL,8,13,5,6,'2014-06-09 12:15:35',13),(313,NULL,9,8,8,8,'2014-06-10 12:15:35',13),(314,NULL,7,7,4,15,'2014-05-31 12:15:35',13),(315,NULL,17,9,8,13,'2014-05-30 12:15:35',13),(316,NULL,13,9,6,11,'2014-05-29 12:15:35',13),(317,NULL,15,9,3,10,'2014-05-28 12:15:35',13),(318,NULL,25,9,5,16,'2014-05-27 12:15:35',13),(319,NULL,11,21,6,13,'2014-05-26 12:15:35',13),(320,NULL,12,31,9,15,'2014-05-25 12:15:35',13),(321,NULL,13,25,7,14,'2014-05-24 12:15:35',13),(323,NULL,15,21,9,9,'2014-05-22 12:15:35',13),(326,NULL,17,26,8,6,'2014-05-19 12:15:35',13),(327,NULL,60,22,7,6,'2014-05-18 12:15:35',13),(328,NULL,62,21,8,5,'2014-06-11 12:15:35',13),(329,NULL,18,32,9,6,'2014-06-12 12:15:35',13),(330,NULL,32,15,23,9,'2014-06-13 12:15:35',13),(331,NULL,60,41,12,7,'2014-06-14 12:15:35',13),(332,1,1,0,0,0,'2014-06-24 15:55:08',13),(333,1,1,0,0,0,'2014-06-24 15:55:32',13),(334,1,1,0,0,0,'2014-06-24 15:55:34',13),(335,1,1,0,0,0,'2014-06-24 15:55:36',13),(336,1,1,0,0,0,'2014-06-24 15:55:37',13),(337,1,1,0,0,0,'2014-06-24 15:55:39',13),(338,1,1,0,0,0,'2014-06-24 15:55:40',13),(339,1,1,0,0,0,'2014-06-24 15:55:42',13),(340,1,0,1,0,0,'2014-06-24 15:56:25',13),(341,1,0,1,0,0,'2014-06-24 15:56:27',13),(342,1,0,1,0,0,'2014-06-24 15:56:29',13),(343,1,0,1,0,0,'2014-06-24 16:06:59',13),(344,1,0,1,0,0,'2014-06-24 16:07:12',13),(345,1,0,1,0,0,'2014-06-24 16:07:30',13),(346,1,0,2,0,0,'2014-06-24 16:11:57',13),(347,1,0,3,0,0,'2014-06-24 16:13:46',13),(348,1,0,4,0,0,'2014-06-24 16:14:02',13),(349,1,1,4,0,0,'2014-06-24 16:14:33',13),(350,1,2,4,0,0,'2014-06-24 16:14:37',13),(351,1,3,4,0,0,'2014-06-24 16:14:39',13),(352,1,4,4,0,0,'2014-06-24 16:14:41',13),(353,1,5,4,0,0,'2014-06-24 16:15:18',13),(354,1,6,4,0,0,'2014-06-24 16:15:20',13),(355,1,6,4,1,0,'2014-06-24 16:16:17',13),(356,1,6,4,2,0,'2014-06-24 16:16:27',13),(357,1,6,4,2,1,'2014-06-24 16:16:40',13),(358,1,6,4,2,2,'2014-06-24 16:16:42',13),(359,1,0,1,0,0,'2014-06-24 16:18:29',13),(360,1,6,5,2,2,'2014-06-24 16:19:10',13),(361,1,0,1,0,0,'2014-06-25 11:27:01',13),(362,1,0,1,0,1,'2014-06-25 11:28:27',13),(363,1,0,1,0,0,'2014-06-25 17:28:42',13),(364,1,0,1,0,1,'2014-06-25 17:30:17',13),(365,1,0,2,0,1,'2014-06-25 18:29:54',13),(366,1,0,3,0,1,'2014-06-25 18:40:30',13),(367,1,1,3,0,1,'2014-06-25 18:40:39',13),(368,1,2,3,0,1,'2014-06-25 18:40:46',13),(369,1,3,3,0,1,'2014-06-25 18:40:48',13),(370,1,3,4,0,1,'2014-06-25 18:40:56',13),(371,1,0,1,0,0,'2014-07-08 17:58:12',134),(372,1,0,2,0,0,'2014-07-08 17:58:16',134),(373,1,0,3,0,0,'2014-07-08 17:58:18',134),(374,1,0,4,0,0,'2014-07-08 17:58:20',134),(375,1,0,5,0,0,'2014-07-08 17:58:22',134),(376,1,0,6,0,0,'2014-07-08 17:58:23',134),(377,1,0,7,0,0,'2014-07-08 17:58:25',134),(378,1,1,7,0,0,'2014-07-08 17:58:36',134),(379,1,2,7,0,0,'2014-07-08 17:58:37',134),(380,1,3,7,0,0,'2014-07-08 17:58:39',134),(381,1,4,7,0,0,'2014-07-08 17:58:41',134),(382,1,5,7,0,0,'2014-07-08 17:58:42',134),(383,1,6,7,0,0,'2014-07-08 17:58:44',134),(384,1,6,7,1,0,'2014-07-08 17:59:10',134);

/*Table structure for table `branch` */

DROP TABLE IF EXISTS `branch`;

CREATE TABLE `branch` (
  `BRANCH_ID` int(11) NOT NULL AUTO_INCREMENT,
  `BRANCH_NAME` varchar(255) DEFAULT NULL,
  `BRANCH_TYPE` varchar(255) DEFAULT NULL,
  `CHARGE_PER_PERSON` varchar(255) DEFAULT NULL,
  `QUICK_BOOKING_FEE_PER_TABLE` varchar(255) DEFAULT NULL,
  `DECRIPTION` varchar(255) DEFAULT NULL,
  `EVENT_END_DATEANDTIME` varchar(255) DEFAULT NULL,
  `EVENT_NAME` varchar(255) DEFAULT NULL,
  `EVENT_REPEAT_DATE` varchar(255) DEFAULT NULL,
  `EVENT_START_DATEANDTIME` varchar(255) DEFAULT NULL,
  `EVENT_TITLE` varchar(255) DEFAULT NULL,
  `FULL_EVENT_TICKET` varchar(255) DEFAULT NULL,
  `ENTRY_TICKETS` varchar(255) DEFAULT NULL,
  `BOTTLE_SERVICE_BOOKING` varchar(255) DEFAULT NULL,
  `IS_DELETED` int(11) DEFAULT NULL,
  `MAXCAPACITY` varchar(255) DEFAULT NULL,
  `MUSIC` varchar(255) DEFAULT NULL,
  `LOCATION_ID` int(11) DEFAULT NULL,
  `LOGIN_ID` int(11) DEFAULT NULL,
  `CONTACT_NO` varchar(60) DEFAULT NULL,
  `HOUR_OF_OPERATION` varchar(60) DEFAULT NULL,
  `LATITUDE` varchar(60) DEFAULT NULL,
  `LONGITUDE` varchar(60) DEFAULT NULL,
  `SEARCH_DATA` varchar(60) DEFAULT NULL,
  `Event_EMAIL` varchar(100) DEFAULT NULL,
  `DAILY_EVENT_TICKET` varchar(60) DEFAULT NULL,
  `UPDATE_STAGE` varchar(60) DEFAULT NULL,
  `BUSINESS_EVENT_ID` int(11) DEFAULT NULL,
  `EVENT_KIOSK_NAME` varchar(60) DEFAULT NULL,
  `EVENT_OWNER_FNAME` varchar(60) DEFAULT NULL,
  `EVENT_OWNER_LNAME` varchar(60) DEFAULT NULL,
  `ADDITIONAL_INFO` varchar(100) DEFAULT NULL,
  `ALLOW_QUICKBOOKING` varchar(60) DEFAULT NULL,
  `OPERATING_HOURS_ID` int(60) DEFAULT NULL,
  PRIMARY KEY (`BRANCH_ID`),
  KEY `FKADAF25A289183FF2` (`LOGIN_ID`),
  KEY `FKADAF25A2946ED7C2` (`LOCATION_ID`),
  KEY `BUSINESS_EVENT_ID` (`BUSINESS_EVENT_ID`),
  KEY `OPERATING_HOURS_ID` (`OPERATING_HOURS_ID`),
  CONSTRAINT `FKADAF25A289183FF2` FOREIGN KEY (`LOGIN_ID`) REFERENCES `login` (`LOGIN_ID`),
  CONSTRAINT `FKADAF25A2946ED7C2` FOREIGN KEY (`LOCATION_ID`) REFERENCES `location` (`LOCATION_ID`),
  CONSTRAINT `branch_ibfk_1` FOREIGN KEY (`BUSINESS_EVENT_ID`) REFERENCES `business_event_information` (`BUSINESS_EVENT_ID`),
  CONSTRAINT `branch_ibfk_2` FOREIGN KEY (`OPERATING_HOURS_ID`) REFERENCES `operatinghours` (`OPERATING_HOURS_ID`)
) ENGINE=InnoDB AUTO_INCREMENT=139 DEFAULT CHARSET=utf8;

/*Data for the table `branch` */

insert  into `branch`(`BRANCH_ID`,`BRANCH_NAME`,`BRANCH_TYPE`,`CHARGE_PER_PERSON`,`QUICK_BOOKING_FEE_PER_TABLE`,`DECRIPTION`,`EVENT_END_DATEANDTIME`,`EVENT_NAME`,`EVENT_REPEAT_DATE`,`EVENT_START_DATEANDTIME`,`EVENT_TITLE`,`FULL_EVENT_TICKET`,`ENTRY_TICKETS`,`BOTTLE_SERVICE_BOOKING`,`IS_DELETED`,`MAXCAPACITY`,`MUSIC`,`LOCATION_ID`,`LOGIN_ID`,`CONTACT_NO`,`HOUR_OF_OPERATION`,`LATITUDE`,`LONGITUDE`,`SEARCH_DATA`,`Event_EMAIL`,`DAILY_EVENT_TICKET`,`UPDATE_STAGE`,`BUSINESS_EVENT_ID`,`EVENT_KIOSK_NAME`,`EVENT_OWNER_FNAME`,`EVENT_OWNER_LNAME`,`ADDITIONAL_INFO`,`ALLOW_QUICKBOOKING`,`OPERATING_HOURS_ID`) values (13,'The Rebel House pub','pub','20','30','This is good Pub','2014/05/30 17:33',NULL,'2014/05/30 17:33','2014/05/30 17:33',NULL,NULL,NULL,NULL,1,'30','hous-electr-dnce,dance-top,Metal',94,49,'45698213','8','43.6778205','-79.3899660','Toronto ,1068 Yonge St,M4W 2L4',NULL,NULL,NULL,10,NULL,NULL,NULL,'Lataji Music Night,,,',NULL,NULL),(134,'lee palace bar',NULL,'10','20','This is good bar.','2014/07/09 05:20 PM',NULL,'2014/07/08 05:18 PM','2014/07/08 07:00 PM',NULL,NULL,NULL,NULL,1,'50','hip-hop,Jazz,hous-electr-dnce',264,221,'7801452362','5','43.6655178','-79.4092706','Toronto ,529 Bloor St W,M5S 1Y4',NULL,NULL,NULL,30,NULL,NULL,NULL,'a,b,c,d',NULL,NULL),(135,'Isabel',NULL,'20','30','Hi today is 50% off so enjoy..','2014/07/09 05:28 PM',NULL,'2014/07/08 05:28 PM','2014/07/08 05:28 PM',NULL,NULL,NULL,NULL,1,'100','Jazz,hous-electr-dnce,dance-top',265,222,'5263417485','5','43.6546473','-79.4207891','Toronto ,797 College St,M6G 1C7',NULL,NULL,NULL,30,NULL,NULL,NULL,'dance,music,d,c',NULL,NULL),(136,'Chantecler',NULL,'50','60','','2014/07/09 05:31 PM',NULL,'2014/07/08 05:30 PM','2014/07/08 05:30 PM',NULL,NULL,NULL,NULL,1,'50','Country,hip-hop,Jazz',266,223,'7894561236','9','43.6493689','-79.3859219','Toronto ,Third Floor, 190 University Ave,M5H 0A3',NULL,NULL,NULL,30,NULL,NULL,NULL,'w,w,t,t',NULL,NULL),(137,'Test Sub',NULL,'20','30','','2014/07/09 05:40 PM',NULL,'2014/07/08 05:39 PM','2014/07/09 05:39 PM',NULL,NULL,NULL,NULL,1,'200','hip-hop,Jazz,hous-electr-dnce',267,224,'100','5','22.7255940','75.8894331','indore,saket nagar,452001',NULL,NULL,NULL,30,NULL,NULL,NULL,'p,l,k,m',NULL,NULL),(138,NULL,'event',NULL,NULL,'20% discount','2014/07/16 05:43 PM','Anad Jadugar',NULL,'2014/07/08 02:00 PM',NULL,'20',NULL,NULL,1,'100',NULL,268,225,'7804814213',NULL,'43.6636056','-79.3678909','Toronto,454 Parliament St,M5A 2H6','anad@gmail.com','10','6',31,'Anad','Praveen','Raghuvanshi',NULL,'on',NULL);

/*Table structure for table `business_event_information` */

DROP TABLE IF EXISTS `business_event_information`;

CREATE TABLE `business_event_information` (
  `BUSINESS_EVENT_ID` int(11) NOT NULL AUTO_INCREMENT,
  `BUSINESS_AND_EVENT_NAME` varchar(255) DEFAULT NULL,
  `CONTACT_NO` varchar(255) DEFAULT NULL,
  `CREATED_ON` varchar(255) DEFAULT NULL,
  `BUSINESS_CATAGORY` varchar(255) DEFAULT NULL,
  `FIRST_NAME` varchar(255) DEFAULT NULL,
  `EVENT_CATAGORY` varchar(255) DEFAULT NULL,
  `IS_DELETED` int(11) DEFAULT NULL,
  `LAST_NAME` varchar(255) DEFAULT NULL,
  `UPDATED_ON` varchar(255) DEFAULT NULL,
  `VALIDATE_TILL` varchar(255) DEFAULT NULL,
  `LOCATION_ID` int(11) DEFAULT NULL,
  `LOGIN_ID` int(11) DEFAULT NULL,
  `CUSTOMER_CATAGORY` varchar(60) DEFAULT NULL,
  `SAME_ADDRESS` varchar(60) DEFAULT NULL,
  `DATE_OF_BIRTH` varchar(60) DEFAULT NULL,
  `GENDER` varchar(10) DEFAULT NULL,
  `TERM_AND_CONDITION` varchar(10) DEFAULT NULL,
  `TITLE` varchar(10) DEFAULT NULL,
  PRIMARY KEY (`BUSINESS_EVENT_ID`),
  KEY `FK9C3F684889183FF2` (`LOGIN_ID`),
  KEY `FK9C3F6848946ED7C2` (`LOCATION_ID`),
  CONSTRAINT `FK9C3F684889183FF2` FOREIGN KEY (`LOGIN_ID`) REFERENCES `login` (`LOGIN_ID`),
  CONSTRAINT `FK9C3F6848946ED7C2` FOREIGN KEY (`LOCATION_ID`) REFERENCES `location` (`LOCATION_ID`)
) ENGINE=InnoDB AUTO_INCREMENT=86 DEFAULT CHARSET=utf8;

/*Data for the table `business_event_information` */

insert  into `business_event_information`(`BUSINESS_EVENT_ID`,`BUSINESS_AND_EVENT_NAME`,`CONTACT_NO`,`CREATED_ON`,`BUSINESS_CATAGORY`,`FIRST_NAME`,`EVENT_CATAGORY`,`IS_DELETED`,`LAST_NAME`,`UPDATED_ON`,`VALIDATE_TILL`,`LOCATION_ID`,`LOGIN_ID`,`CUSTOMER_CATAGORY`,`SAME_ADDRESS`,`DATE_OF_BIRTH`,`GENDER`,`TERM_AND_CONDITION`,`TITLE`) values (10,NULL,NULL,'2014/05/30','PerYear','praveen',NULL,1,'raghuvanshi',NULL,NULL,91,46,NULL,NULL,NULL,NULL,NULL,NULL),(30,NULL,NULL,'2014/07/08','Per Month','Praveen',NULL,1,'Raghuvanshi',NULL,NULL,262,219,NULL,NULL,NULL,NULL,NULL,NULL),(31,NULL,NULL,'2014/07/08','Per Month','Sumit','PerYearly',1,'Gangrade',NULL,NULL,263,220,NULL,NULL,NULL,NULL,NULL,NULL),(32,NULL,NULL,'2014/07/08',NULL,'sgffg','PerYearly',1,'gfgg',NULL,NULL,270,227,NULL,NULL,NULL,NULL,NULL,NULL),(33,NULL,NULL,'2014/07/08','Per Month','bbbbbbbbbbbbbbbbbbbbbbbbbbbbbbbbbbbbbbbb',NULL,1,'bbbbbbbbbbbbbbbbbbbbbbbbbbbbbbbbbbbb',NULL,NULL,271,228,NULL,NULL,NULL,NULL,NULL,NULL),(34,NULL,NULL,NULL,NULL,'Rajesh',NULL,1,'Raghuvanshi',NULL,NULL,272,229,'PerYear',NULL,NULL,NULL,NULL,NULL),(35,NULL,NULL,NULL,NULL,'Rajesh',NULL,1,'raghuvanshi',NULL,NULL,273,230,'PerYear',NULL,NULL,NULL,NULL,NULL),(36,NULL,NULL,'2014/07/10',NULL,'demo',NULL,1,'nmk',NULL,NULL,274,231,'Free',NULL,NULL,NULL,NULL,NULL),(37,NULL,NULL,'2014/07/10','PerYear','busi',NULL,1,'lkj',NULL,NULL,275,232,NULL,NULL,NULL,NULL,NULL,NULL),(38,NULL,NULL,'2014/07/11',NULL,'Deepak',NULL,1,'Ahirwal',NULL,NULL,276,233,'PerYear',NULL,NULL,NULL,NULL,NULL),(39,NULL,NULL,'2014/07/11',NULL,'Arun',NULL,1,'Rathore','2014/07/11',NULL,277,234,'PerYear',NULL,NULL,NULL,NULL,NULL),(40,NULL,NULL,'2014/07/11','PerYear','Shiv',NULL,1,'Kumar',NULL,NULL,278,235,NULL,NULL,NULL,NULL,NULL,NULL),(41,NULL,NULL,'2014/07/11',NULL,'Nilesh',NULL,1,'Namdev',NULL,NULL,279,236,'Free',NULL,NULL,NULL,NULL,NULL),(42,NULL,NULL,'2014/07/11',NULL,'Pankaj','PerYearly',1,'Jha',NULL,NULL,280,237,NULL,NULL,NULL,NULL,NULL,NULL),(43,NULL,NULL,'2014/07/12',NULL,'gg',NULL,1,'ffgfgfg',NULL,NULL,281,238,NULL,NULL,NULL,NULL,NULL,NULL),(44,NULL,NULL,'2014/07/12',NULL,'fdsfdfs',NULL,1,'dfsfdsdf',NULL,NULL,282,239,NULL,NULL,NULL,NULL,NULL,NULL),(45,NULL,NULL,'2014/07/12',NULL,'dfsdfs',NULL,1,'dffdfd',NULL,NULL,283,240,NULL,NULL,NULL,NULL,NULL,NULL),(46,NULL,NULL,'2014/07/12',NULL,'dfdf',NULL,1,'fdfdf',NULL,NULL,284,241,NULL,NULL,NULL,NULL,NULL,NULL),(47,NULL,NULL,'2014/07/12',NULL,'fgfg',NULL,1,'fgff',NULL,NULL,285,242,NULL,NULL,NULL,NULL,NULL,NULL),(48,NULL,NULL,'2014/07/12',NULL,'fgfg',NULL,1,'fggffg',NULL,NULL,286,243,NULL,NULL,NULL,NULL,NULL,NULL),(49,NULL,NULL,'2014/07/12',NULL,'KK',NULL,1,'kk',NULL,NULL,287,244,NULL,NULL,NULL,NULL,NULL,NULL),(50,NULL,NULL,'2014/07/12',NULL,'Ashish',NULL,1,'kumar',NULL,NULL,288,245,NULL,NULL,NULL,NULL,NULL,NULL),(51,NULL,NULL,'2014/07/12','PerYear','tarkesh',NULL,1,'raghuvanshi',NULL,NULL,289,246,NULL,NULL,NULL,NULL,NULL,NULL),(52,NULL,NULL,'2014/07/12',NULL,'dd','PerYearly',1,'dd',NULL,NULL,290,247,NULL,NULL,NULL,NULL,NULL,NULL),(53,NULL,NULL,'2014/07/12',NULL,'bbb',NULL,1,'bbb',NULL,NULL,291,248,'Per Month',NULL,NULL,NULL,NULL,NULL),(54,NULL,NULL,'2014/07/12',NULL,'cc',NULL,1,'cc',NULL,NULL,292,249,'Per Month',NULL,NULL,NULL,NULL,NULL),(55,NULL,NULL,'2014/07/12',NULL,'sdf',NULL,1,'dsf',NULL,NULL,293,250,'Per Month',NULL,NULL,NULL,NULL,NULL),(56,NULL,NULL,'2014/07/14',NULL,'neeraj',NULL,1,'Paliwal','2014/07/15',NULL,294,251,'Per Month','on',NULL,NULL,NULL,NULL),(57,NULL,NULL,'2014/07/14',NULL,'Ram',NULL,1,'kumar','2014/07/14',NULL,295,252,'Per Month','on',NULL,NULL,NULL,NULL),(58,NULL,NULL,'2014/07/14',NULL,'dfg',NULL,1,'dfg',NULL,NULL,296,253,'Per Month',NULL,NULL,NULL,NULL,NULL),(59,NULL,NULL,'2014/07/15',NULL,'Rahul',NULL,1,'Patidar',NULL,NULL,297,254,'Per Month','on',NULL,NULL,NULL,NULL),(60,NULL,NULL,'2014/07/15',NULL,'bnh',NULL,1,'mjkh',NULL,NULL,298,255,'Per Month',NULL,NULL,NULL,NULL,NULL),(61,NULL,NULL,'2014/07/15','PerYear','tyhh',NULL,1,'bbghg',NULL,NULL,299,256,NULL,'on',NULL,NULL,NULL,NULL),(62,NULL,NULL,'2014/07/15',NULL,'fgh',NULL,1,'fgh',NULL,NULL,300,257,'Per Month','on',NULL,NULL,NULL,NULL),(63,NULL,NULL,'2014/07/15',NULL,'john-desuja',NULL,1,'d\'costa',NULL,NULL,301,258,'Per Month','on',NULL,NULL,NULL,NULL),(64,NULL,NULL,'2014/07/15',NULL,'fgfg',NULL,1,'ffgfg',NULL,NULL,302,259,'Per Month','on',NULL,NULL,NULL,NULL),(65,NULL,NULL,'2014/07/15',NULL,'edfrre',NULL,1,'rewwr',NULL,NULL,303,260,'Per Month',NULL,NULL,NULL,NULL,NULL),(66,NULL,NULL,'2014/07/15','PerYear','ds',NULL,1,'sdfsd',NULL,NULL,304,261,NULL,'on',NULL,NULL,NULL,NULL),(67,NULL,NULL,'2014/07/15','PerYear','dfgd',NULL,1,'fgdfg',NULL,NULL,305,262,NULL,'on',NULL,NULL,NULL,NULL),(68,NULL,NULL,'2014/07/15','PerYear','dfg',NULL,1,'dfgd',NULL,NULL,306,263,NULL,'on',NULL,NULL,NULL,NULL),(69,NULL,NULL,'2014/07/15','PerYear','dfd',NULL,1,'fsdf',NULL,NULL,307,264,NULL,'on',NULL,NULL,NULL,NULL),(70,NULL,NULL,'2014/07/15','PerYear','dfg',NULL,1,'dfg',NULL,NULL,308,265,NULL,'on',NULL,NULL,NULL,NULL),(71,NULL,NULL,'2014/07/15','PerYear','fg',NULL,1,'gdfg',NULL,NULL,309,266,NULL,NULL,NULL,NULL,NULL,NULL),(72,NULL,NULL,'2014/07/15','PerYear','dfg',NULL,1,'dfgdf',NULL,NULL,310,267,NULL,NULL,NULL,NULL,NULL,NULL),(73,NULL,NULL,'2014/07/15','PerYear','eak',NULL,1,'kj',NULL,NULL,311,268,NULL,'on',NULL,NULL,NULL,NULL),(74,NULL,NULL,'2014/07/15','PerYear','dfg',NULL,1,'dgd',NULL,NULL,312,269,NULL,'on',NULL,NULL,NULL,NULL),(75,NULL,NULL,'2014/07/16','PerYear','fgf',NULL,1,'ghfgh',NULL,NULL,313,270,NULL,'on',NULL,NULL,NULL,NULL),(76,NULL,NULL,'2014/07/16','PerYear','dfg',NULL,1,'ffffffffff',NULL,NULL,314,271,NULL,NULL,NULL,NULL,NULL,NULL),(77,NULL,NULL,'2014/07/16','PerYear','ghjghj',NULL,1,'ghj',NULL,NULL,315,272,NULL,'on',NULL,NULL,NULL,NULL),(78,NULL,NULL,'2014/07/16','PerYear','eqw',NULL,1,'dfgqwe',NULL,NULL,316,273,NULL,'on',NULL,NULL,NULL,NULL),(79,NULL,NULL,'2015/07/17',NULL,'mk',NULL,1,'gfg',NULL,NULL,317,274,'Free','on','07/13/1955','male','yes','mr'),(80,NULL,NULL,'2015/07/17','PerYear','gdf',NULL,1,'gfdgfdg',NULL,NULL,318,275,NULL,'on','07/13/1977','male','yes','mr'),(81,NULL,NULL,'2015/07/17','PerYear','gdf',NULL,1,'gfdgfdg',NULL,NULL,319,276,NULL,'on','07/13/1977','male','yes','mr'),(82,NULL,NULL,'2015/07/17','PerYear','gdf',NULL,1,'gfdgfdg',NULL,NULL,320,277,NULL,'on','07/13/1977','male','yes','mr'),(83,NULL,NULL,'2015/07/17','PerYear','gfdg',NULL,1,'fdgfg',NULL,NULL,321,278,NULL,'on','07/20/1965','male','yes','mr'),(84,NULL,NULL,'2015/07/17','PerYear','dfg',NULL,1,'sdgfdg',NULL,NULL,322,279,NULL,'on','07/10/1995','male','yes','mr'),(85,NULL,NULL,'2015/07/17','PerYear','dfg',NULL,1,'sdgfdg',NULL,NULL,323,280,NULL,'on','07/10/1995','male','yes','mr');

/*Table structure for table `c3p0_con_test` */

DROP TABLE IF EXISTS `c3p0_con_test`;

CREATE TABLE `c3p0_con_test` (
  `a` char(1) DEFAULT NULL
) ENGINE=InnoDB DEFAULT CHARSET=utf8;

/*Data for the table `c3p0_con_test` */

/*Table structure for table `catageory` */

DROP TABLE IF EXISTS `catageory`;

CREATE TABLE `catageory` (
  `CATAGEORY_ID` int(60) NOT NULL AUTO_INCREMENT,
  `CATAGEORY_NAME` varchar(60) DEFAULT NULL,
  `IS_DELETED` tinyint(3) DEFAULT NULL,
  PRIMARY KEY (`CATAGEORY_ID`)
) ENGINE=InnoDB AUTO_INCREMENT=20 DEFAULT CHARSET=utf8;

/*Data for the table `catageory` */

insert  into `catageory`(`CATAGEORY_ID`,`CATAGEORY_NAME`,`IS_DELETED`) values (12,'Club Family',1),(13,'Bar/Pub/Tavern/Saloon',1),(14,'Arena',1),(15,'Restaurant',1),(16,'Stadium',1),(17,'Hotel',1),(18,'Cinema',1),(19,'5454fsdfsd738981290389128903',0);

/*Table structure for table `categoryalias` */

DROP TABLE IF EXISTS `categoryalias`;

CREATE TABLE `categoryalias` (
  `CATEGORY_ALIAS_ID` int(60) NOT NULL AUTO_INCREMENT,
  `BRANCH_ID` int(60) DEFAULT NULL,
  `CATAGEORY_ID` int(60) DEFAULT NULL,
  PRIMARY KEY (`CATEGORY_ALIAS_ID`),
  KEY `BRANCH_ID` (`BRANCH_ID`),
  KEY `CATAGEORY_ID` (`CATAGEORY_ID`),
  CONSTRAINT `categoryalias_ibfk_1` FOREIGN KEY (`BRANCH_ID`) REFERENCES `branch` (`BRANCH_ID`),
  CONSTRAINT `categoryalias_ibfk_2` FOREIGN KEY (`CATAGEORY_ID`) REFERENCES `catageory` (`CATAGEORY_ID`)
) ENGINE=InnoDB AUTO_INCREMENT=312 DEFAULT CHARSET=utf8;

/*Data for the table `categoryalias` */

insert  into `categoryalias`(`CATEGORY_ALIAS_ID`,`BRANCH_ID`,`CATAGEORY_ID`) values (307,134,13),(309,136,15),(310,135,12),(311,137,12);

/*Table structure for table `contactus` */

DROP TABLE IF EXISTS `contactus`;

CREATE TABLE `contactus` (
  `CONTACT_ID` int(60) NOT NULL AUTO_INCREMENT,
  `NAME` varchar(60) DEFAULT NULL,
  `COMPANY_NAME` varchar(60) DEFAULT NULL,
  `EMAIL_ID` varchar(150) DEFAULT NULL,
  `MOBILE_NO` varchar(60) DEFAULT NULL,
  `CITY` varchar(60) DEFAULT NULL,
  `MESSAGE` varchar(300) DEFAULT NULL,
  `IS_DELETED` tinyint(3) DEFAULT NULL,
  PRIMARY KEY (`CONTACT_ID`)
) ENGINE=InnoDB AUTO_INCREMENT=3 DEFAULT CHARSET=utf8;

/*Data for the table `contactus` */

insert  into `contactus`(`CONTACT_ID`,`NAME`,`COMPANY_NAME`,`EMAIL_ID`,`MOBILE_NO`,`CITY`,`MESSAGE`,`IS_DELETED`) values (1,'Nilesh','aartek','nilesh@gmail.com','7804814213','indore','i want to connect your business plain.',1),(2,'gfg','fdgfg','mk@gmail.com','4353545','fgfg','fdgdgf',1);

/*Table structure for table `customer_information` */

DROP TABLE IF EXISTS `customer_information`;

CREATE TABLE `customer_information` (
  `CUSTOMER_ID` int(11) NOT NULL AUTO_INCREMENT,
  `CONTACT_NO` varchar(255) DEFAULT NULL,
  `CREATED_ON` varchar(255) DEFAULT NULL,
  `CUSTOMER_CATAGORY` varchar(255) DEFAULT NULL,
  `FIRST_NAME` varchar(255) DEFAULT NULL,
  `IS_DELETED` int(11) DEFAULT NULL,
  `LAST_NAME` varchar(255) DEFAULT NULL,
  `UPDATED_ON` varchar(255) DEFAULT NULL,
  `VALIDATE_TILL` varchar(255) DEFAULT NULL,
  `LOCATION_ID` int(11) DEFAULT NULL,
  `LOGIN_ID` int(11) DEFAULT NULL,
  PRIMARY KEY (`CUSTOMER_ID`),
  KEY `FK20BD764B89183FF2` (`LOGIN_ID`),
  KEY `FK20BD764B946ED7C2` (`LOCATION_ID`),
  CONSTRAINT `FK20BD764B89183FF2` FOREIGN KEY (`LOGIN_ID`) REFERENCES `login` (`LOGIN_ID`),
  CONSTRAINT `FK20BD764B946ED7C2` FOREIGN KEY (`LOCATION_ID`) REFERENCES `location` (`LOCATION_ID`)
) ENGINE=InnoDB AUTO_INCREMENT=36 DEFAULT CHARSET=utf8;

/*Data for the table `customer_information` */

insert  into `customer_information`(`CUSTOMER_ID`,`CONTACT_NO`,`CREATED_ON`,`CUSTOMER_CATAGORY`,`FIRST_NAME`,`IS_DELETED`,`LAST_NAME`,`UPDATED_ON`,`VALIDATE_TILL`,`LOCATION_ID`,`LOGIN_ID`) values (34,NULL,'2014/07/08','PerYear','Deepak',1,'Kumar','2014/07/08',NULL,261,218),(35,NULL,'2014/07/08','Free','hgghgh',1,'ghghhg',NULL,NULL,269,226);

/*Table structure for table `customercomment` */

DROP TABLE IF EXISTS `customercomment`;

CREATE TABLE `customercomment` (
  `CUSTOMER_COMMENT_ID` int(60) NOT NULL AUTO_INCREMENT,
  `NO_OF_MALEANDFEMALE_LINE_UP` varchar(60) DEFAULT NULL,
  `NO_OF_MALEANDFEMALE_INSIDE` varchar(60) DEFAULT NULL,
  `CUSTOMER_COMMENT` varchar(60) DEFAULT NULL,
  `IS_DELETED` varchar(60) DEFAULT NULL,
  `BRANCH_ID` int(60) DEFAULT NULL,
  PRIMARY KEY (`CUSTOMER_COMMENT_ID`),
  KEY `BRANCH_ID` (`BRANCH_ID`),
  CONSTRAINT `customercomment_ibfk_1` FOREIGN KEY (`BRANCH_ID`) REFERENCES `branch` (`BRANCH_ID`)
) ENGINE=InnoDB DEFAULT CHARSET=utf8;

/*Data for the table `customercomment` */

/*Table structure for table `emailalert` */

DROP TABLE IF EXISTS `emailalert`;

CREATE TABLE `emailalert` (
  `EMAIL_ALERT_ID` int(60) NOT NULL AUTO_INCREMENT,
  `CATAGORY` varchar(60) DEFAULT NULL,
  `SUB_CATAGORY` varchar(60) DEFAULT NULL,
  `MUSIC` varchar(60) DEFAULT NULL,
  `EMAIL_ALERT_TIME` varchar(60) DEFAULT NULL,
  `EMAIL_ID` varchar(60) DEFAULT NULL,
  `IS_DELETED` tinyint(5) DEFAULT NULL,
  `CREATED_ON` varchar(60) DEFAULT NULL,
  `CITY` varchar(60) DEFAULT NULL,
  `UPDATED_ON` varchar(60) DEFAULT NULL,
  PRIMARY KEY (`EMAIL_ALERT_ID`)
) ENGINE=InnoDB AUTO_INCREMENT=9 DEFAULT CHARSET=utf8;

/*Data for the table `emailalert` */

insert  into `emailalert`(`EMAIL_ALERT_ID`,`CATAGORY`,`SUB_CATAGORY`,`MUSIC`,`EMAIL_ALERT_TIME`,`EMAIL_ID`,`IS_DELETED`,`CREATED_ON`,`CITY`,`UPDATED_ON`) values (7,'12,13,14,15','10,11,12','Pop,folk,hip-hop,Jazz,Rock','weekly,monthly','mr.deepakahirwal@gmail.com',1,'2014/07/08','lll','2014/07/08'),(8,'12','10','Pop,folk','weekly','arun@gmail.com',1,'2014/07/11','indore','2014/07/11');

/*Table structure for table `feedbackdetails` */

DROP TABLE IF EXISTS `feedbackdetails`;

CREATE TABLE `feedbackdetails` (
  `FEEDBACK_ID` int(11) NOT NULL AUTO_INCREMENT,
  `EMAIL_ID` varchar(255) DEFAULT NULL,
  `FEEDBACK_INFO` varchar(255) DEFAULT NULL,
  `IS_DELETED` int(11) DEFAULT NULL,
  `NAME` varchar(255) DEFAULT NULL,
  PRIMARY KEY (`FEEDBACK_ID`)
) ENGINE=InnoDB AUTO_INCREMENT=4 DEFAULT CHARSET=utf8;

/*Data for the table `feedbackdetails` */

insert  into `feedbackdetails`(`FEEDBACK_ID`,`EMAIL_ID`,`FEEDBACK_INFO`,`IS_DELETED`,`NAME`) values (1,NULL,'ghghghghghgh',1,NULL),(2,NULL,'ghghghghghgh',1,NULL),(3,NULL,'ghghghghghgh',1,NULL);

/*Table structure for table `location` */

DROP TABLE IF EXISTS `location`;

CREATE TABLE `location` (
  `LOCATION_ID` int(11) NOT NULL AUTO_INCREMENT,
  `ADDRESS` varchar(255) DEFAULT NULL,
  `CITY_NAME` varchar(255) DEFAULT NULL,
  `COUNTRY_NAME` varchar(255) DEFAULT NULL,
  `STATE_NAME` varchar(255) DEFAULT NULL,
  `ZIP_CODE` varchar(60) DEFAULT NULL,
  `BILLING_ADDRESS` varchar(100) DEFAULT NULL,
  `BILLING_CITY_NAME` varchar(60) DEFAULT NULL,
  `BILLING_STATE_NAME` varchar(60) DEFAULT NULL,
  `BILLING_ZIP_CODE` varchar(60) DEFAULT NULL,
  `BILLING_COUNTRY_NAME` varchar(60) DEFAULT NULL,
  PRIMARY KEY (`LOCATION_ID`)
) ENGINE=InnoDB AUTO_INCREMENT=324 DEFAULT CHARSET=utf8;

/*Data for the table `location` */

insert  into `location`(`LOCATION_ID`,`ADDRESS`,`CITY_NAME`,`COUNTRY_NAME`,`STATE_NAME`,`ZIP_CODE`,`BILLING_ADDRESS`,`BILLING_CITY_NAME`,`BILLING_STATE_NAME`,`BILLING_ZIP_CODE`,`BILLING_COUNTRY_NAME`) values (91,'saket','indore','India','mp','452001','saket','indore','mp','452001','India'),(94,'1068 Yonge St','Toronto ','Canada','canada','M4W 2L4',NULL,NULL,NULL,NULL,NULL),(261,'Tilak nagar','indore','India','mp','452001','Tilak nagar','indore','mp','452001','India'),(262,'saket nagar','indopre','India','mp','452001','saket nagar','indopre','mp','452001','India'),(263,'tilak nagar','indore','India','mp','452001','tilak nagar','indore','mp','452001','India'),(264,'529 Bloor St W','Toronto ','Canada','canada','M5S 1Y4',NULL,NULL,NULL,NULL,NULL),(265,'797 College St','Toronto ','Canada','canada','M6G 1C7',NULL,NULL,NULL,NULL,NULL),(266,'Third Floor, 190 University Ave','Toronto ','Canada','canada','M5H 0A3',NULL,NULL,NULL,NULL,NULL),(267,'saket nagar','indore','India','mp','452001',NULL,NULL,NULL,NULL,NULL),(268,'454 Parliament St','Toronto','Canada','canada','M5A 2H6',NULL,NULL,NULL,NULL,NULL),(269,'hggh','ghhghghg','Azerbaijan','ghgh','hghgh','','','','',''),(270,'gfg','indore','India','mp','452001','','','','',''),(271,'bbbbbbbbbbbbbbbbbbbbbbbbbbbbbbbbbbbbbbbbbbbbbbbbbbbbbbbbbbbbbbbbbbbbbbbbbbbbbbbbbbbbbbbbbbbbbbbbbbbbbbb','bbbbbbbbbbbbbbbbbbbbbbbbbbbbbbbbbbbbbbbb','Bahrain','bbbbbbbbbbbbbbbbbbbbbbbbbbbbbbbbbbbbbbbb','bbbbbbbbbbbbbbb','','','','',''),(272,'tilak nagar','indore','India','mp','452001','tilak nagar','indore','mp','452001','India'),(273,'tilak nagar','indore','India','mp','452001','tilak nagar','indore','mp','452001','India'),(274,'kjkj','kjk','India','kjk','452001','kjkj','kjk','kjk','452001','India'),(275,'lio','kujui ','India','njjj','452001','lio','kujui ','njjj','452001','India'),(276,'tilak nagar','indore','India','mp','452001','tilak nagar','indore','mp','452001','India'),(277,'vijay nagar','indore','India','mp','452001','vijay nagar','indore','mp','452001','India'),(278,'saket nagar','indore','India','mp','452001','saket nagar','indore','mp','452001','India'),(279,'rajwada','indore','India','mp','452001','rajwada','indore','mp','452001','India'),(280,'vijay nagar','indore','India','mp','452001','vijay nagar','indore','mp','452001','India'),(281,'fgfgfg','gfgfgf','India','gffggf','gfgfgf','fgfgfg','gfgfgf','gffggf','gfgfgf','India'),(282,'ffd','fdffddf','Estonia','dffdf','fdfddf','ffd','fdffddf','dffdf','fdfddf','Estonia'),(283,'dffdf','ffdfd','Bahrain','fdfdf','fdfdf','dffdf','ffdfd','fdfdf','fdfdf','Bahrain'),(284,'fdfd','fdffd','Belarus','fdfd','fdfdfd','fdfd','fdffd','fdfd','fdfdfd','Belarus'),(285,'gfgfg','fgfg','Gabon','fgfg','gffgfg','gfgfg','fgfg','fgfg','gffgfg','Gabon'),(286,'ggfg','gfg','Afghanistan','fggffg','gfgfgfg','ggfg','gfg','fggffg','gfgfgfg','Afghanistan'),(287,'tilak nagar','indore','India','mp','452001','tilak nagar','indore','mp','452001','India'),(288,'kdhj','mj','India','mp','452011','kdhj','mj','mp','452011','India'),(289,'ty','hj','India','ki','op','ty','hj','ki','op','India'),(290,'dd','d','Bangladesh','d','d','dd','d','d','d','Bangladesh'),(291,'bb','bb','Belarus','bb','bb','bb','bb','bb','bb','Belarus'),(292,'cc','cc','Bangladesh','cc','cc','cc','cc','cc','cc','Bangladesh'),(293,'dsf','dsf','Australia','dsf','dsf','dsf','dsf','dsf','dsf','Australia'),(294,'saket','indore','India','mp','452001','saket','indore','mp','452001','India'),(295,'tilak nagar','indore','India','mp','452001','tilak nagar','indore','mp','452001','India'),(296,'dfg','dfg','Bahrain','dfg','dfg','fgh','fgh','fgh','fgh','Armenia'),(297,'lkj','ol','India','lop','452001','lkj','ol','lop','452001','India'),(298,'plri','ndre','Iceland','mdj','fmjr','plrihjf','lopuuenjn','cbdfnfv','fmjr','Iceland'),(299,'bnn','bj','India','jnn','bhh555','bnn','bj','jnn','bhh555','India'),(300,'fgh','fgh','El Salvador','fgh','nh45njm','fgh','fgh','fgh','nh45njm','El Salvador'),(301,'fdfggggf','gfgfgffg','Bangladesh','gfgfgfgf 33333','333333333333','fdfggggf','gfgfgffg','gfgfgfgf 33333','333333333333','Bangladesh'),(302,'fgfg','fgfggf','Estonia','fgfgg','a1a 1a1','fgfg','fgfggf','fgfgg','a1a 1a1','Estonia'),(303,'rere','reerer','Bahamas','errer','erewre11','','','','','selected'),(304,'fsdf','sdf','Bahamas','sdf','sd2dsf','fsdf','sdf','sdf','sd2dsf','Bahamas'),(305,'dfg','dfg','Bahamas','dfg','dfg2dsd','dfg','dfg','dfg','dfg2dsd','Bahamas'),(306,'fg','dfgdf','Bahrain','gdfg','df122','fg','dfgdf','gdfg','df122','Bahrain'),(307,'dsf','sdf','Bahamas','sdf','sdf3','dsf','sdf','sdf','sdf3','Bahamas'),(308,'dfg','dfg','Bangladesh','dfgd','dfg3','dfg','dfg','dfgd','dfg3','Bangladesh'),(309,'dfg','dfg','Aruba','dfg','dgfg23','','','','','selected'),(310,'gdfg','dfg','Bahamas','dfgd','fdf32','','','','','selected'),(311,'dff','kj','Aruba','dsf','sdf22','dff','kj','dsf','sdf22','Aruba'),(312,'gd','df','Comoros','dfgdf','dfg432','gd','df','dfgdf','dfg432','Comoros'),(313,'fgh','fgh','Australia','fgh','fgh2f','fgh','fgh','fgh','fgh2f','Australia'),(314,'fff','ff','Bahamas','ff','fsd3d','ghjghj','ffghj','ffghj','fsd3dghj','Algeria'),(315,'ghj','ghj','El Salvador','ghj','ghj3','ghj','ghj','ghj','ghj3','El Salvador'),(316,'dfgqwe','qweqwe','Bahrain','qwe','qwee3','dfgqwe','qweqwe','qwe','qwee3','Bahrain'),(317,'fgfg','gfgfg','Bangladesh','gfgfg','443243','fgfg','gfgfg','gfgfg','443243','Bangladesh'),(318,'gfdg','gfg','Armenia','fgfg','53454','gfdg','gfg','fgfg','53454','Armenia'),(319,'gfdg','gfg','Armenia','fgfg','53454','gfdg','gfg','fgfg','53454','Armenia'),(320,'gfdg','gfg','Armenia','fgfg','53454','gfdg','gfg','fgfg','53454','Armenia'),(321,'dgf','gfgfg','Bahamas','fgfg','4545','dgf','gfgfg','fgfg','4545','Bahamas'),(322,'fdg','fgdfg','Finland','dfgdfg','54545','fdg','fgdfg','dfgdfg','54545','Finland'),(323,'fdg','fgdfg','Finland','dfgdfg','455','fdg','fgdfg','dfgdfg','455','Finland');

/*Table structure for table `login` */

DROP TABLE IF EXISTS `login`;

CREATE TABLE `login` (
  `LOGIN_ID` int(11) NOT NULL AUTO_INCREMENT,
  `EMAIL_ID` varchar(255) NOT NULL DEFAULT '',
  `PASSWORD` varchar(255) DEFAULT NULL,
  `STATUS` varchar(255) DEFAULT NULL,
  `USER_TYPE` varchar(255) DEFAULT NULL,
  `PAID_STATUS` varchar(60) DEFAULT NULL,
  PRIMARY KEY (`LOGIN_ID`)
) ENGINE=InnoDB AUTO_INCREMENT=281 DEFAULT CHARSET=utf8;

/*Data for the table `login` */

insert  into `login`(`LOGIN_ID`,`EMAIL_ID`,`PASSWORD`,`STATUS`,`USER_TYPE`,`PAID_STATUS`) values (46,'p@gmail.com','fUMHMQPKOqE=','active','business','yes'),(49,'rebel1@gmail.com','fUMHMQPKOqE=',NULL,'tallyUSer','yes'),(50,'admin@fast2find.com','fUMHMQPKOqE=','active','admin','yes'),(218,'mr.deepakahirwal@gmail.com','fUMHMQPKOqE=','active','Customer','yes'),(219,'praveen.raghuvanshii@gmail.com','fUMHMQPKOqE=','active','business','yes'),(220,'sumitgangrade1006@gmail.com','fUMHMQPKOqE=','active','event','yes'),(221,'palace@gmail.com','fUMHMQPKOqE=',NULL,'tallyUSer','yes'),(222,'Isabel@gmail.com','fUMHMQPKOqE=',NULL,'tallyUSer','yes'),(223,'chan@gmail.com','fUMHMQPKOqE=',NULL,'tallyUSer','yes'),(224,'demo@gmail.com','fUMHMQPKOqE=',NULL,'tallyUSer','yes'),(225,'jadugar@gmail.com','fUMHMQPKOqE=',NULL,'tallyUSer','yes'),(226,'c1@gmail.com','fUMHMQPKOqE=','active','Customer','yes'),(227,'e2@gmail.com','fUMHMQPKOqE=','active','event','yes'),(228,'b1@gmail.com','fUMHMQPKOqE=','active','business','yes'),(229,'rajesh@gmail.com','123','active','Customer','yes'),(230,'raejsh@gmail.com','123','active','Customer','yes'),(231,'dfv@gmail.com','123','active','Customer','yes'),(232,'demo@gmail.com','fUMHMQPKOqE=','active','business','yes'),(233,'deepak@gmail.com','fUMHMQPKOqE=','active','Customer','yes'),(234,'arun@gmail.com','fUMHMQPKOqE=','active','Customer','yes'),(235,'shiv@gmail.com','fUMHMQPKOqE=','active','business','yes'),(236,'nilesh@gmail.com','fUMHMQPKOqE=','active','Customer','yes'),(237,'pankaj@gmail.com','fUMHMQPKOqE=','active','event','yes'),(238,'m@gmail.com','fUMHMQPKOqE=','active','Customer','no'),(239,'l@gmail.com','fUMHMQPKOqE=','active','Customer','no'),(240,'o@gmail.com','fUMHMQPKOqE=','active','Customer','no'),(241,'oo@gmail.com','fUMHMQPKOqE=','active','Customer','no'),(242,'pp@gmail.com','fUMHMQPKOqE=','active','Customer','no'),(243,'ll@gmail.com','fUMHMQPKOqE=','active','Customer','no'),(244,'kk@gmail.com','fUMHMQPKOqE=','active','Customer','no'),(245,'ashish@gmail.com','fUMHMQPKOqE=','active','Customer','yes'),(246,'tarkesh@gmail.com','fUMHMQPKOqE=','active','business','yes'),(247,'ddd@gmail.com','fUMHMQPKOqE=','active','event','yes'),(248,'bbb@gmail.com','fUMHMQPKOqE=','active','Customer','yes'),(249,'ccc@gmail.com','fUMHMQPKOqE=','active','Customer','yes'),(250,'praveen@gmail.com','fUMHMQPKOqE=','active','Customer','yes'),(251,'neeraj@gmail.com','fUMHMQPKOqE=','active','Customer','yes'),(252,'sayam@gmail.com','fUMHMQPKOqE=','active','Customer','yes'),(253,'yy@gmail.com','epXV3aGQrhw=','active','Customer','yes'),(254,'patidar@gmail.com','fUMHMQPKOqE=','active','Customer','yes'),(255,'aaa@gmail.com','fUMHMQPKOqE=','active','Customer','yes'),(256,'zxz@gmail.com','fUMHMQPKOqE=','active','business','yes'),(257,'fg@gmail.com','fUMHMQPKOqE=','active','Customer','yes'),(258,'m1@gmail.com','R2PRMNfszIU=','active','Customer','yes'),(259,'mmm@gmail.com','fUMHMQPKOqE=','active','Customer','yes'),(260,'nnnn@gmail.com','R2PRMNfszIU=','active','Customer','yes'),(261,'ragh@gmail.com','fUMHMQPKOqE=','active','business','yes'),(262,'zmzm@gmail.com','fUMHMQPKOqE=','active','business','yes'),(263,'hnhn@gmail.com','fUMHMQPKOqE=','active','business','yes'),(264,'jio@gmail.com','fUMHMQPKOqE=','active','business','yes'),(265,'sdfgh@gmail.com','fUMHMQPKOqE=','active','business','yes'),(266,'qaqaq@gmail.com','fUMHMQPKOqE=','active','business','yes'),(267,'hemmo@gmail.com','fUMHMQPKOqE=','active','business','yes'),(268,'earl@fast2find.com','fUMHMQPKOqE=','active','business','yes'),(269,'finch@gmail.com','fUMHMQPKOqE=','active','business','yes'),(270,'nbm@gmail.com','fUMHMQPKOqE=','active','business','yes'),(271,'asdf@gmail.com','fUMHMQPKOqE=','active','business','yes'),(272,'pbnm@gmail.com','fUMHMQPKOqE=','active','business','yes'),(273,'wwwww@gmail.com','fUMHMQPKOqE=','active','business','yes'),(274,'mk@gmail.com','2jtsET5nzD8=','active','Customer','no'),(275,'mk1@gmail.com','2jtsET5nzD8=','active','business','yes'),(276,'mk2@gmail.com','2jtsET5nzD8=','active','business','yes'),(277,'mayan@gmail.com','2jtsET5nzD8=','active','business','yes'),(278,'mayana@gmail.com','2jtsET5nzD8=','active','business','yes'),(279,'mayan.mca@gmail.com','2jtsET5nzD8=','active','business','yes'),(280,'mayankshukla.mca@gmail.com','2jtsET5nzD8=','active','business','yes');

/*Table structure for table `operatinghours` */

DROP TABLE IF EXISTS `operatinghours`;

CREATE TABLE `operatinghours` (
  `OPERATING_HOURS_ID` int(60) NOT NULL,
  `START_TIME` varchar(100) DEFAULT NULL,
  `END_TIME` varchar(100) DEFAULT NULL,
  `BRANCH_ID` int(60) DEFAULT NULL,
  PRIMARY KEY (`OPERATING_HOURS_ID`),
  KEY `BRANCH_ID` (`BRANCH_ID`)
) ENGINE=InnoDB DEFAULT CHARSET=utf8;

/*Data for the table `operatinghours` */

/*Table structure for table `quickbooking` */

DROP TABLE IF EXISTS `quickbooking`;

CREATE TABLE `quickbooking` (
  `BOOKING_ID` int(11) NOT NULL AUTO_INCREMENT,
  `AMOUNT_PAID` int(60) DEFAULT NULL,
  `IS_DELETED` int(11) DEFAULT NULL,
  `SERVICE` varchar(255) DEFAULT NULL,
  `NUMBER_OF_PERSON` int(11) DEFAULT NULL,
  `TABLE_BOOKING_TIME` varchar(255) DEFAULT NULL,
  `BRANCH_ID` int(11) DEFAULT NULL,
  `LIKED_STATUS` varchar(50) DEFAULT NULL,
  `COMMENT` varchar(150) DEFAULT NULL,
  PRIMARY KEY (`BOOKING_ID`),
  KEY `FK697ECDCCC089DEA2` (`BRANCH_ID`),
  CONSTRAINT `FK697ECDCCC089DEA2` FOREIGN KEY (`BRANCH_ID`) REFERENCES `branch` (`BRANCH_ID`)
) ENGINE=InnoDB DEFAULT CHARSET=utf8;

/*Data for the table `quickbooking` */

/*Table structure for table `subcatageory` */

DROP TABLE IF EXISTS `subcatageory`;

CREATE TABLE `subcatageory` (
  `SUB_CATAGEORY_ID` int(60) NOT NULL AUTO_INCREMENT,
  `SUB_CATAGEORY_NAME` varchar(60) DEFAULT NULL,
  `CATAGEORY_ID` int(60) DEFAULT NULL,
  `IS_DELETED` tinyint(3) DEFAULT NULL,
  PRIMARY KEY (`SUB_CATAGEORY_ID`),
  KEY `fk_subcatageory` (`CATAGEORY_ID`),
  CONSTRAINT `subcatageory_ibfk_1` FOREIGN KEY (`CATAGEORY_ID`) REFERENCES `catageory` (`CATAGEORY_ID`) ON UPDATE CASCADE
) ENGINE=InnoDB AUTO_INCREMENT=14 DEFAULT CHARSET=utf8;

/*Data for the table `subcatageory` */

insert  into `subcatageory`(`SUB_CATAGEORY_ID`,`SUB_CATAGEORY_NAME`,`CATAGEORY_ID`,`IS_DELETED`) values (10,'Family',12,1),(11,'Veg',15,1),(12,'Non Veg',15,1),(13,'Cricket',16,1);

/*Table structure for table `subcategoryalias` */

DROP TABLE IF EXISTS `subcategoryalias`;

CREATE TABLE `subcategoryalias` (
  `SUB_CATEGORY_ALIAS_ID` int(60) NOT NULL AUTO_INCREMENT,
  `SUB_CATAGEORY_ID` int(60) DEFAULT NULL,
  `CATEGORY_ALIAS_ID` int(60) DEFAULT NULL,
  PRIMARY KEY (`SUB_CATEGORY_ALIAS_ID`),
  KEY `SUB_CATAGEORY_ID` (`SUB_CATAGEORY_ID`),
  KEY `CATEGORY_ALIAS_ID` (`CATEGORY_ALIAS_ID`),
  CONSTRAINT `subcategoryalias_ibfk_1` FOREIGN KEY (`SUB_CATAGEORY_ID`) REFERENCES `subcatageory` (`SUB_CATAGEORY_ID`),
  CONSTRAINT `subcategoryalias_ibfk_2` FOREIGN KEY (`CATEGORY_ALIAS_ID`) REFERENCES `categoryalias` (`CATEGORY_ALIAS_ID`)
) ENGINE=InnoDB AUTO_INCREMENT=2677 DEFAULT CHARSET=utf8;

/*Data for the table `subcategoryalias` */

insert  into `subcategoryalias`(`SUB_CATEGORY_ALIAS_ID`,`SUB_CATAGEORY_ID`,`CATEGORY_ALIAS_ID`) values (2675,11,309),(2676,10,310);

/*Table structure for table `visitoruser` */

DROP TABLE IF EXISTS `visitoruser`;

CREATE TABLE `visitoruser` (
  `VISITOR_ID` int(11) NOT NULL AUTO_INCREMENT,
  `EMAIL_ID` varchar(255) DEFAULT NULL,
  `IS_DELETED` int(11) DEFAULT NULL,
  `MESSAGE` varchar(255) DEFAULT NULL,
  `NAME` varchar(255) DEFAULT NULL,
  PRIMARY KEY (`VISITOR_ID`)
) ENGINE=InnoDB AUTO_INCREMENT=72 DEFAULT CHARSET=utf8;

/*Data for the table `visitoruser` */

insert  into `visitoruser`(`VISITOR_ID`,`EMAIL_ID`,`IS_DELETED`,`MESSAGE`,`NAME`) values (1,'praveen.raghuvanshii@gmail.com',1,'4c','praveen'),(2,'deepak@gmail.com',1,'123','deepak'),(3,'mayank@gmail.com',1,'hello','mayank'),(4,'demo@gmail.com',1,'123','demo'),(5,'gh@gmail.com',1,'123','fgh'),(31,'fgh@gmail.com',1,'fgh','fgh'),(38,'kil@gmail.com',1,'demo data','dfg'),(51,'raj@gmail.com',1,'wert','raj'),(52,'lpk@gmail.com',1,'123','fgh'),(55,'sed@gmail.com',1,'aaa','hjk'),(58,'dsf@gmail.com',1,'dsf','dsf'),(59,'dfgdfg@gmail.com',1,'dfgdfg','dfg'),(60,'df@gmail.com',1,'dfg','dfg'),(61,'dsf@gmail.com',1,'dff','gfd'),(62,'dfg@gmail.com',1,'dfg','dfg'),(63,'sdf@gmail.com',1,'sdf','sdf'),(64,'dfg@gmail.com',1,'dfg','dfg'),(65,'dfg@gmail.com',1,'gdf','dfg'),(66,'55@gmail.com',1,'fgfgfggffgfgfggffgfg','555555'),(67,'55@gmail.com',1,'fgfgfggf','555555'),(68,'kkk@gmail.com',1,'fgfggfgfg','5555555555'),(69,'kk@gmail.com',1,'fgfggf','44444444444'),(70,'kk@gmail.com',1,'fgfgfgfgfgfgfgfgfgfgfgfg','dfgfggfgf'),(71,'kk@gmail.com',1,'gfgfgf','fgfg');

/*!40101 SET SQL_MODE=@OLD_SQL_MODE */;
/*!40014 SET FOREIGN_KEY_CHECKS=@OLD_FOREIGN_KEY_CHECKS */;
/*!40014 SET UNIQUE_CHECKS=@OLD_UNIQUE_CHECKS */;
/*!40111 SET SQL_NOTES=@OLD_SQL_NOTES */;
